,date,weather_code,temperature_2m_max,temperature_2m_min,apparent_temperature_max,apparent_temperature_min,sunrise,sunset,daylight_duration,sunshine_duration,uv_index_max,uv_index_clear_sky_max,precipitation_sum,rain_sum,showers_sum,snowfall_sum,precipitation_hours,precipitation_probability_max,wind_speed_10m_max,wind_gusts_10m_max,wind_direction_10m_dominant,shortwave_radiation_sum,et0_fao_evapotranspiration,produccion
0,2024-02-13 22:00:00+00:00,3.0,15.7,8.75,15.538042,8.154735,0,0,38235.24,23899.379,3.1,4.1,0.0,0.0,0.0,0.0,0.0,0.0,9.0,20.880001,50.758278,10.71,1.4737208,37.30
1,2024-02-14 22:00:00+00:00,61.0,14.4,9.45,13.709021,7.6328096,0,0,38385.285,14400.0,3.4,4.05,6.8999996,6.8999996,0.0,0.0,10.0,84.0,18.864824,32.760002,85.006355,6.12,0.9166588,20.62
2,2024-02-15 22:00:00+00:00,53.0,14.25,7.6,12.418856,5.0035515,0,0,38535.96,34600.77,4.2,4.2,1.3000001,1.3000001,0.0,0.0,3.0,74.0,12.303366,28.8,193.62689,18.13,2.5174065,47.75
3,2024-02-16 22:00:00+00:00,0.0,15.85,2.65,14.161615,-0.038550377,0,0,38687.12,35395.066,4.3,4.3,0.0,0.0,0.0,0.0,0.0,0.0,8.534353,18.359999,98.8067,19.74,2.7736375,58.99
4,2024-02-17 22:00:00+00:00,3.0,16.05,2.55,15.06307,-0.83308315,0,0,38838.633,34571.203,4.1,4.45,0.0,0.0,0.0,0.0,0.0,0.0,10.495713,13.679999,42.233166,17.55,2.500076,59.23
5,2024-02-18 22:00:00+00:00,3.0,17.25,3.9,16.579845,1.6424627,0,0,38990.355,34953.867,4.4,4.4,0.0,0.0,0.0,0.0,0.0,0.0,6.9247384,15.84,31.328632,19.49,2.8472967,58.63
6,2024-02-19 22:00:00+00:00,3.0,17.8,3.3,15.712622,0.28989267,0,0,39142.156,35874.027,4.45,4.45,0.0,0.0,0.0,0.0,0.0,0.0,11.384198,18.72,69.07544,20.73,3.127739,62.58
7,2024-02-20 22:00:00+00:00,3.0,13.85,3.1,12.213936,0.20946121,0,0,39293.9,34288.98,3.9,4.55,0.0,0.0,0.0,0.0,0.0,0.0,7.5685663,17.28,98.350685,15.89,2.1538591,45.51
8,2024-02-21 22:00:00+00:00,53.0,12.1,6.3,9.026558,3.9823856,0,0,39445.613,32400.0,3.9,4.6,1.0,1.0,0.0,0.0,2.0,100.0,25.872456,55.44,242.93279,14.17,1.6488302,42.72
9,2024-02-22 22:00:00+00:00,51.0,9.05,2.85,4.995306,-1.4916546,0,0,39598.594,34776.285,3.5,4.2,0.3,0.3,0.0,0.0,2.0,87.0,28.99062,64.079994,276.98688,16.84,2.3054051,38.3
10,2024-02-23 22:00:00+00:00,3.0,9.05,2.6,4.7368355,-1.7449012,0,0,39753.01,36513.55,4.3,4.3,0.0,0.0,0.0,0.0,0.0,29.0,20.780453,52.92,269.5091,20.64,2.5912604,49.79
11,2024-02-24 22:00:00+00:00,53.0,12.75,4.9,8.1961,1.2698059,0,0,39908.74,28537.686,3.1,4.5,1.3000001,1.3000001,0.0,0.0,4.0,100.0,29.871325,63.36,230.21098,13.33,1.7267474,42.06
12,2024-02-25 22:00:00+00:00,53.0,9.65,4.05,7.370492,1.2711577,0,0,40065.637,35554.246,4.45,4.45,0.9,0.9,0.0,0.0,2.0,97.0,18.947083,50.399998,278.4418,19.52,2.3184443,55.16
13,2024-02-26 22:00:00+00:00,3.0,10.15,2.45,5.974927,-2.2112496,0,0,40223.586,37003.555,4.55,4.55,0.0,0.0,0.0,0.0,0.0,9.0,26.983194,58.679996,354.56424,22.05,3.1146514,58.17
14,2024-02-27 22:00:00+00:00,0.0,12.8,0.2,8.917015,-3.3767245,0,0,40382.457,37168.46,4.7,4.7,0.0,0.0,0.0,0.0,0.0,0.0,16.65754,34.92,20.252361,22.65,3.1187632,68
15,2024-02-28 22:00:00+00:00,3.0,12.45,0.35,9.716153,-2.722283,0,0,40542.117,37333.93,4.95,4.95,0.0,0.0,0.0,0.0,0.0,0.0,25.277025,57.239998,286.95987,22.61,2.960606,69.09
16,2024-02-29 22:00:00+00:00,0.0,12.0,-0.15,7.9664307,-3.791349,0,0,40702.45,37499.836,4.75,4.75,0.0,0.0,0.0,0.0,0.0,0.0,20.957443,42.48,258.9339,22.74,3.0606027,48.56
18,2024-03-02 22:00:00+00:00,3.0,7.5,1.05,3.116539,-3.499401,0,0,41024.64,37832.42,4.8,4.8,0.0,0.0,0.0,0.0,0.0,13.0,23.491207,47.519997,278.47928,21.7,2.4266317,6.27
19,2024-03-03 22:00:00+00:00,3.0,11.55,3.45,8.30115,0.3180046,0,0,41186.26,37998.87,3.9,4.9,0.0,0.0,0.0,0.0,0.0,65.0,19.33639,42.12,237.48328,19.79,2.125359,43.60
20,2024-03-04 22:00:00+00:00,3.0,12.2,2.15,9.390845,-0.50721884,0,0,41348.074,38165.25,4.9,4.9,0.0,0.0,0.0,0.0,0.0,2.0,14.84318,30.960001,249.54576,23.63,3.151011,64.84
21,2024-03-05 22:00:00+00:00,3.0,12.85,0.85,10.6726055,-2.4391491,0,0,41509.965,38331.44,4.65,5.1,0.0,0.0,0.0,0.0,0.0,0.0,11.019764,20.880001,54.899273,22.7,2.9766374,73.4
22,2024-03-06 22:00:00+00:00,63.0,12.8,3.1,8.03845,0.25177765,0,0,41671.82,27152.338,4.3,4.95,10.2,10.2,0.0,0.0,6.0,100.0,24.195107,54.719997,154.34769,15.99,1.9601178,39.38
23,2024-03-07 22:00:00+00:00,61.0,9.05,3.5,3.9324675,-0.3264041,0,0,41833.52,28705.85,4.55,4.9,5.3999996,5.3999996,0.0,0.0,12.0,97.0,24.216522,50.039997,213.82715,14.97,1.6285731,52.19
24,2024-03-08 22:00:00+00:00,63.0,7.05,2.85,3.2978268,-1.0755892,0,0,41994.957,10559.272,4.25,4.95,17.599998,17.599998,0.0,0.0,15.0,100.0,21.2522,49.32,219.30237,7.82,0.83580613,43.29
25,2024-03-09 22:00:00+00:00,61.0,11.15,3.1,7.183483,-0.13504171,0,0,42156.01,37352.49,4.55,4.9,6.1,6.1,0.0,0.0,7.0,74.0,23.4,74.520004,247.61594,19.02,2.249585,66.8
26,2024-03-10 22:00:00+00:00,3.0,12.2,5.05,9.386818,0.7237015,0,0,42316.574,39077.8,5.4,5.4,0.0,0.0,0.0,0.0,0.0,0.0,17.414476,42.12,277.91132,23.85,3.1872334,80.3
27,2024-03-11 22:00:00+00:00,3.0,15.35,1.95,13.73015,-1.6008341,0,0,42476.53,39143.94,5.4,5.4,0.0,0.0,0.0,0.0,0.0,0.0,9.346143,16.919998,93.61388,25.76,3.5736277,78.39
28,2024-03-12 22:00:00+00:00,3.0,17.0,4.8,16.008493,1.7117772,0,0,42635.926,39209.684,5.15,5.45,0.0,0.0,0.0,0.0,0.0,0.0,10.514218,18.0,62.44729,25.12,3.673403,77.09
29,2024-03-13 22:00:00+00:00,3.0,15.65,4.8,13.37443,2.2321625,0,0,42795.914,39275.1,5.4,5.65,0.0,0.0,0.0,0.0,0.0,19.0,14.8257065,30.599998,203.40468,25.02,3.3761954,62.5
30,2024-03-14 22:00:00+00:00,63.0,16.15,4.2,16.053398,1.9774017,0,0,42956.688,31429.262,5.0,5.7,3.4999998,3.4999998,0.0,0.0,3.0,3.0,6.489992,17.64,161.56494,19.95,2.9072368,67.65
31,2024-03-15 22:00:00+00:00,3.0,16.95,5.95,16.392649,4.117338,0,0,43118.137,36117.047,5.5,5.85,0.0,0.0,0.0,0.0,0.0,0.0,9.220499,20.16,136.68463,20.19,2.9133787,75.47
32,2024-03-16 22:00:00+00:00,3.0,18.95,7.95,18.926315,6.360238,0,0,43280.164,39469.52,5.15,5.95,0.0,0.0,0.0,0.0,0.0,0.0,9.085988,13.679999,107.99318,21.67,3.3594475,73.62
33,2024-03-17 22:00:00+00:00,3.0,20.05,9.35,20.067207,7.6633387,0,0,43442.67,39533.734,4.75,5.9,0.0,0.0,0.0,0.0,0.0,0.0,8.913181,17.28,106.50447,22.95,3.605972,70.91
34,2024-03-18 22:00:00+00:00,3.0,21.35,10.5,21.348494,8.980475,0,0,43605.55,39639.145,5.85,5.85,0.0,0.0,0.0,0.0,0.0,0.0,10.028439,19.8,95.92736,26.79,4.407618,78.16
35,2024-03-19 22:00:00+00:00,3.0,21.2,10.45,20.409351,8.384726,0,0,43768.703,39734.63,5.4,5.8,0.0,0.0,0.0,0.0,0.0,84.0,15.580141,34.92,85.26264,25.02,4.336571,70.57
36,2024-03-20 22:00:00+00:00,3.0,22.9,12.15,21.346392,8.755511,0,0,43932.027,39122.28,5.75,5.8,0.0,0.0,0.0,0.0,0.0,80.0,18.171976,32.760002,61.83339,24.06,4.47012,83.5
37,2024-03-21 22:00:00+00:00,3.0,24.1,12.15,23.473759,9.842802,0,0,44095.42,40033.47,5.5,5.9,0.0,0.0,0.0,0.0,0.0,0.0,15.815435,29.88,59.759224,27.54,5.1163373,76.98
38,2024-03-22 22:00:00+00:00,3.0,22.7,10.9,21.992477,8.827536,0,0,44258.78,39095.89,5.55,5.85,0.0,0.0,0.0,0.0,0.0,0.0,18.35647,34.56,55.311256,24.07,4.1601,83.38
39,2024-03-23 22:00:00+00:00,3.0,20.7,11.55,18.56645,8.975367,0,0,44422.004,40484.65,6.05,6.05,0.0,0.0,0.0,0.0,0.0,0.0,14.986553,32.039997,68.92803,27.59,4.6439815,71.4
40,2024-03-24 22:00:00+00:00,65.0,13.8,8.7,12.502327,6.4952164,0,0,44585.0,12936.899,4.55,5.95,21.4,21.4,0.0,0.0,10.0,97.0,11.753877,32.399998,183.98248,7.75,1.2458988,19.52
41,2024-03-25 22:00:00+00:00,53.0,8.75,2.4,5.3616333,-2.0587983,0,0,44747.656,40781.57,5.25,5.8,1.4,1.4,0.0,0.0,6.0,84.0,20.140705,51.839996,245.0525,23.55,2.7248151,60.39
42,2024-03-26 22:00:00+00:00,61.0,12.1,2.45,7.485386,-1.600333,0,0,44909.867,14400.0,5.85,6.05,6.6000004,6.6000004,0.0,0.0,11.0,100.0,30.802622,75.96,230.34969,10.55,1.3098305,67.4
43,2024-03-27 22:00:00+00:00,63.0,13.75,6.55,10.387875,2.6324267,0,0,45071.527,30555.695,5.6,6.0,10.6,10.6,0.0,0.0,8.0,100.0,25.992397,63.0,222.27672,15.4,2.0419104,65.22
44,2024-03-28 22:00:00+00:00,65.0,10.4,4.25,7.7994175,1.6254625,0,0,45232.543,6173.584,1.1,5.7,38.100002,38.100002,0.0,0.0,18.0,100.0,21.986542,49.32,218.32687,6.35,0.78228,31.01
45,2024-03-29 22:00:00+00:00,61.0,10.55,3.4,7.036169,1.0910382,0,0,45392.8,15123.802,3.65,5.85,10.900001,10.900001,0.0,0.0,12.0,100.0,25.40743,44.639996,183.32735,12.67,1.4892071,64.80
46,2024-03-30 22:00:00+00:00,63.0,9.5,4.05,5.201042,1.0384021,0,0,45552.18,18978.506,5.2,5.9,14.699999,14.699999,0.0,0.0,15.0,97.0,21.470612,56.519997,218.59384,13.04,1.4705046,56.01
47,2024-03-31 22:00:00+00:00,51.0,11.75,2.05,7.3860035,-1.0199049,0,0,45710.594,33036.855,6.1,6.1,0.3,0.3,0.0,0.0,1.0,10.0,23.675304,54.0,228.57948,25.62,2.8574014,90.60
48,2024-04-01 22:00:00+00:00,3.0,12.45,1.85,9.578106,-0.8694596,0,0,45868.06,39832.184,3.65,6.5,0.0,0.0,0.0,0.0,0.0,23.0,15.546833,33.12,221.34311,19.14,2.5021627,54.57
49,2024-04-02 22:00:00+00:00,3.0,16.15,5.1,14.317007,3.3992195,0,0,46025.668,39600.0,6.4,6.4,0.0,0.0,0.0,0.0,0.0,0.0,11.183201,25.199999,221.28458,29.84,4.2286224,90.79
50,2024-04-03 22:00:00+00:00,3.0,18.55,4.7,17.943975,3.1518526,0,0,46183.6,42043.703,6.5,6.5,0.0,0.0,0.0,0.0,0.0,0.0,9.511088,25.56,199.59238,30.42,4.586809,95.38
51,2024-04-04 22:00:00+00:00,3.0,20.7,7.8,19.423798,5.5911055,0,0,46341.766,42368.97,5.65,6.55,0.0,0.0,0.0,0.0,0.0,0.0,13.755579,23.759998,69.5436,31.2,5.1139455,91.31
52,2024-04-05 22:00:00+00:00,51.0,21.9,10.8,21.246193,8.006607,0,0,46500.05,40454.844,4.1,6.6,0.2,0.2,0.0,0.0,1.0,0.0,14.291592,28.44,33.590546,24.72,4.3361273,62.42
53,2024-04-06 22:00:00+00:00,53.0,19.7,11.45,18.272747,9.719283,0,0,46658.363,42675.637,5.55,6.55,0.9,0.9,0.0,0.0,1.0,35.0,18.0,46.44,238.32458,28.48,4.3668566,86.15
54,2024-04-07 22:00:00+00:00,53.0,14.95,7.95,11.702484,4.328664,0,0,46816.6,38005.633,6.6,6.6,1.3,1.3,0.0,0.0,3.0,77.0,25.133053,51.12,244.5101,26.07,3.5004807,75.18
55,2024-04-08 22:00:00+00:00,0.0,14.2,2.45,11.730105,-0.06664801,0,0,46974.66,43342.254,6.6,6.6,0.0,0.0,0.0,0.0,0.0,0.0,14.982228,38.519997,309.5226,33.24,4.8759546,103.10
56,2024-04-09 22:00:00+00:00,3.0,18.75,3.5,17.520115,0.3449607,0,0,47132.438,43341.793,6.85,6.9,0.0,0.0,0.0,0.0,0.0,0.0,11.726277,27.359999,56.088257,32.44,5.0535893,101.64
57,2024-04-10 22:00:00+00:00,3.0,25.1,8.05,24.237953,6.4843035,0,0,47289.82,43628.9,7.0,7.0,0.0,0.0,0.0,0.0,0.0,0.0,15.986593,30.960001,44.084312,32.4,6.1650023,101.19
58,2024-04-11 22:00:00+00:00,3.0,23.1,8.2,22.223465,6.0044584,0,0,47446.71,43925.312,7.1,7.1,0.0,0.0,0.0,0.0,0.0,0.0,9.565437,20.519999,126.52887,33.16,5.804085,100.75
59,2024-04-12 22:00:00+00:00,0.0,25.8,9.35,23.972885,7.7802343,0,0,47602.992,44305.11,7.15,7.15,0.0,0.0,0.0,0.0,0.0,0.0,8.287822,15.84,87.63049,33.96,5.9931746,101.71
60,2024-04-13 22:00:00+00:00,3.0,25.3,10.5,23.400633,8.284551,0,0,47758.555,44462.02,6.75,7.2,0.0,0.0,0.0,0.0,0.0,0.0,9.178235,18.72,143.80666,33.03,6.0718107,101.07
61,2024-04-14 22:00:00+00:00,51.0,25.9,11.7,25.556007,10.032239,0,0,47913.28,44697.477,7.0,7.0,0.1,0.1,0.0,0.0,1.0,32.0,16.870138,31.319998,58.151,29.46,5.6007886,100.41
62,2024-04-15 22:00:00+00:00,0.0,24.55,9.65,23.050558,8.250766,0,0,48067.062,44845.64,7.05,7.05,0.0,0.0,0.0,0.0,0.0,0.0,10.514218,26.28,116.231865,33.84,6.218138,104.93
63,2024-04-16 22:00:00+00:00,0.0,20.1,7.65,18.35177,4.2316084,0,0,48219.773,44973.414,7.05,7.05,0.0,0.0,0.0,0.0,0.0,0.0,14.982228,28.08,73.49055,34.34,5.899618,108.42
64,2024-04-17 22:00:00+00:00,3.0,20.35,7.25,18.215246,3.9924908,0,0,48371.3,45032.668,7.0,7.0,0.0,0.0,0.0,0.0,0.0,0.0,13.202726,32.760002,61.229313,34.79,6.1169977,109.30
65,2024-04-18 22:00:00+00:00,3.0,20.2,6.05,18.78347,1.6599488,0,0,48521.516,45091.754,7.0,7.0,0.0,0.0,0.0,0.0,0.0,0.0,17.610588,33.12,49.744366,34.82,5.9785514,107.93
66,2024-04-19 22:00:00+00:00,3.0,22.4,8.75,19.53581,6.88717,0,0,48670.297,45150.668,6.65,7.0,0.0,0.0,0.0,0.0,0.0,0.0,12.371645,28.44,64.25935,29.87,5.4482136,109
67,2024-04-20 22:00:00+00:00,3.0,21.7,8.7,19.758894,5.102234,0,0,48817.51,43856.08,7.05,7.05,0.0,0.0,0.0,0.0,0.0,0.0,17.518356,33.12,56.87989,35.31,6.8272758,109.21
68,2024-04-21 22:00:00+00:00,3.0,17.35,4.8,14.29294,1.9854302,0,0,48963.17,45268.02,6.95,6.95,0.0,0.0,0.0,0.0,0.0,0.0,16.434305,37.079998,52.229706,35.87,6.127779,110.48
69,2024-04-22 22:00:00+00:00,1.0,16.1,1.35,11.653178,-2.1773424,0,0,49108.332,45326.754,7.0,7.0,0.0,0.0,0.0,0.0,0.0,0.0,18.448023,43.199997,24.292624,35.81,5.4655604,108.27
70,2024-04-23 22:00:00+00:00,3.0,18.15,3.1,14.439068,-1.1324506,0,0,49253.156,45385.566,7.15,7.15,0.0,0.0,0.0,0.0,0.0,0.0,19.083395,42.839996,54.300278,35.94,5.8271093,112.53
71,2024-04-24 22:00:00+00:00,3.0,17.4,5.9,14.15369,2.9502316,0,0,49397.535,45444.418,6.9,7.1,0.0,0.0,0.0,0.0,0.0,0.0,18.079027,38.519997,317.68005,31.53,4.969123,84.19
72,2024-04-25 22:00:00+00:00,3.0,16.1,6.05,11.396789,3.6654563,0,0,49541.367,45503.277,6.7,7.15,0.0,0.0,0.0,0.0,0.0,3.0,19.35314,43.199997,228.32895,31.79,4.7149286,91.37
73,2024-04-26 22:00:00+00:00,63.0,13.0,7.3,9.101643,4.148875,0,0,49684.527,35110.074,6.9,7.0,7.6,7.6,0.0,0.0,11.0,100.0,21.67487,45.719997,229.0224,27.43,3.3866382,93.70
74,2024-04-27 22:00:00+00:00,51.0,15.4,2.0,12.447105,-0.32926774,0,0,49826.91,45707.19,7.1,7.1,0.0,0.0,0.0,0.0,0.0,3.0,9.83268,35.28,233.76497,34.62,4.8648577,93.42
75,2024-04-28 22:00:00+00:00,63.0,17.4,5.2,14.831131,2.2703004,0,0,49968.39,37936.21,7.1,7.15,5.7,5.7,0.0,0.0,3.0,29.0,35.110615,65.159996,25.755186,31.19,4.83529,106.72
76,2024-04-29 22:00:00+00:00,51.0,16.55,5.25,13.804716,3.3943114,0,0,50108.855,45286.99,6.8,7.25,0.2,0.2,0.0,0.0,2.0,45.0,14.33234,37.8,228.32614,31.82,4.7332067,75.77
77,2024-04-30 22:00:00+00:00,53.0,12.4,6.3,8.474149,2.3765268,0,0,50248.17,45693.86,6.25,7.15,1.2,1.2,0.0,0.0,4.0,97.0,20.774214,50.399998,262.64572,31.22,4.2181263,114.40
78,2024-05-01 22:00:00+00:00,3.0,14.45,3.25,10.776101,0.22254086,0,0,50386.234,46448.203,7.15,7.3,0.0,0.0,0.0,0.0,0.0,11.0,17.106628,42.48,253.46109,35.13,5.0222282,101.15
79,2024-05-02 22:00:00+00:00,3.0,18.35,3.65,14.695517,0.96138334,0,0,50522.89,46615.02,7.35,7.35,0.0,0.0,0.0,0.0,0.0,0.0,12.261157,29.16,223.85716,36.17,5.5421777,116.67
80,2024-05-03 22:00:00+00:00,3.0,22.05,6.85,18.047697,4.955657,0,0,50658.023,46574.51,7.5,7.5,0.0,0.0,0.0,0.0,0.0,0.0,21.915691,45.719997,232.32812,36.44,6.276981,117.22
81,2024-05-04 22:00:00+00:00,63.0,19.2,10.4,15.792458,9.178365,0,0,50791.5,46248.24,6.15,7.5,4.8,4.8,0.0,0.0,2.0,100.0,25.364037,51.839996,229.25214,28.43,4.391866,85.87
82,2024-05-05 22:00:00+00:00,61.0,18.3,9.5,15.647781,8.813201,0,0,50923.184,46333.035,7.0,7.4,2.1,2.1,0.0,0.0,3.0,80.0,12.738099,30.239998,286.3896,35.25,5.4600673,98.53
83,2024-05-06 22:00:00+00:00,3.0,21.15,7.15,19.316843,4.237215,0,0,51052.93,47504.0,7.55,7.55,0.0,0.0,0.0,0.0,0.0,0.0,18.998316,38.519997,48.814175,37.24,6.49645,122.18
84,2024-05-07 22:00:00+00:00,3.0,23.65,8.4,20.777412,4.8603506,0,0,51180.6,47626.953,7.55,7.65,0.0,0.0,0.0,0.0,0.0,0.0,20.49156,42.12,61.323147,36.18,6.490166,122.16
85,2024-05-08 22:00:00+00:00,3.0,25.25,10.55,23.13074,8.068208,0,0,51306.055,47585.312,6.75,7.7,0.0,0.0,0.0,0.0,0.0,0.0,12.599998,21.24,56.53849,33.7,6.307499,113.02
86,2024-05-09 22:00:00+00:00,3.0,26.75,12.0,24.564064,9.431223,0,0,51429.14,48026.89,7.7,7.7,0.0,0.0,0.0,0.0,0.0,0.0,11.119281,23.039999,78.09037,37.79,7.226343,117.45
87,2024-05-10 22:00:00+00:00,3.0,26.65,13.2,23.523056,10.826562,0,0,51549.71,48139.105,7.65,7.65,0.0,0.0,0.0,0.0,0.0,3.0,13.104198,30.960001,125.43336,37.68,7.6116138,120.32
88,2024-05-11 22:00:00+00:00,3.0,26.5,13.35,25.056393,11.506236,0,0,51667.74,41048.953,6.8,7.6,0.0,0.0,0.0,0.0,0.0,16.0,19.353138,46.8,8.583503,28.99,5.759761,107.57
89,2024-05-12 22:00:00+00:00,3.0,25.8,13.05,22.007086,10.936213,0,0,51784.152,45213.19,5.95,7.65,0.0,0.0,0.0,0.0,0.0,100.0,21.933426,52.56,242.2856,30.47,6.211355,108.97
90,2024-05-13 22:00:00+00:00,53.0,18.65,9.5,16.217869,7.564788,0,0,51899.09,48027.195,7.5,7.5,0.8,0.8,0.0,0.0,2.0,99.0,20.799152,43.56,270.4282,36.8,6.1198716,113.38
91,2024-05-14 22:00:00+00:00,51.0,17.35,9.05,13.970669,6.5203094,0,0,52012.45,46574.727,7.5,7.5,0.1,0.1,0.0,0.0,1.0,0.0,15.986595,35.28,270.41217,37.56,6.0180883,113.5
92,2024-05-15 22:00:00+00:00,51.0,17.65,7.6,13.4609375,4.206419,0,0,52124.11,48672.42,7.1,7.55,0.1,0.1,0.0,0.0,1.0,0.0,17.49615,36.36,244.06921,38.31,6.1006336,116.01
93,2024-05-16 22:00:00+00:00,55.0,17.95,10.15,15.010599,7.5959063,0,0,52233.96,48514.555,5.5,7.55,1.9,1.9,0.0,0.0,4.0,81.0,14.799459,33.48,247.60934,33.68,5.133368,95.56
94,2024-05-17 22:00:00+00:00,3.0,20.45,7.4,17.331648,5.0467787,0,0,52341.89,46756.426,7.6,7.6,0.0,0.0,0.0,0.0,0.0,0.0,13.104198,41.399998,245.14478,36.01,6.0612674,103.35
95,2024-05-18 22:00:00+00:00,61.0,19.8,7.8,16.888603,5.6607037,0,0,52447.78,48971.363,7.6,7.65,2.3000002,2.3000002,0.0,0.0,3.0,74.0,24.122686,60.479996,322.3057,31.57,5.0041165,114.20
96,2024-05-19 22:00:00+00:00,51.0,19.2,5.7,16.726463,3.743106,0,0,52551.516,44357.336,7.45,7.7,0.6,0.6,0.0,0.0,3.0,19.0,10.514218,37.8,235.52766,32.81,5.29493,87.47
97,2024-05-20 22:00:00+00:00,3.0,19.45,9.2,17.205318,8.024113,0,0,52652.97,43346.2,7.05,7.65,0.0,0.0,0.0,0.0,0.0,23.0,22.828087,45.0,253.4741,27.04,4.5497413,71.59
98,2024-05-21 22:00:00+00:00,3.0,20.5,6.9,17.514973,4.768444,0,0,52752.027,49113.973,7.35,7.7,0.0,0.0,0.0,0.0,0.0,0.0,13.513193,33.48,252.61935,35.61,5.9035034,111.76
99,2024-05-22 22:00:00+00:00,3.0,23.3,7.4,20.917315,5.1608267,0,0,52848.562,49153.266,7.8,7.8,0.0,0.0,0.0,0.0,0.0,0.0,10.44,24.119999,64.480865,39.82,6.9822807,129.38
100,2024-05-23 22:00:00+00:00,3.0,25.95,11.5,23.486645,8.956267,0,0,52942.453,49190.89,7.55,7.8,0.0,0.0,0.0,0.0,0.0,0.0,18.218275,32.399998,62.29432,39.32,7.6595855,126.81
101,2024-05-24 22:00:00+00:00,3.0,28.1,12.0,22.986603,9.255466,0,0,53033.566,49226.81,7.9,7.95,0.0,0.0,0.0,0.0,0.0,0.0,19.022177,42.48,224.61806,39.61,8.507286,122.75
102,2024-05-25 22:00:00+00:00,3.0,27.9,10.8,24.58801,8.344056,0,0,53121.785,49260.996,7.35,7.85,0.0,0.0,0.0,0.0,0.0,0.0,20.808498,47.519997,226.84128,38.71,7.9602103,124.19
103,2024-05-26 22:00:00+00:00,3.0,28.6,12.45,26.590643,11.140111,0,0,53206.973,49293.42,7.4,7.9,0.0,0.0,0.0,0.0,0.0,0.0,11.212135,28.44,29.054577,39.12,7.678677,125.53
104,2024-05-27 22:00:00+00:00,3.0,28.95,15.7,27.871464,13.411688,0,0,53289.008,49324.055,7.9,7.9,0.0,0.0,0.0,0.0,0.0,0.0,16.92383,38.519997,71.2,38.89,8.063362,125.17
105,2024-05-28 22:00:00+00:00,3.0,32.1,17.6,30.479053,15.465351,0,0,53367.754,49352.867,8.0,8.0,0.0,0.0,0.0,0.0,0.0,0.0,13.708391,29.88,45.237724,39.34,8.574729,122.92
106,2024-05-29 22:00:00+00:00,3.0,32.55,18.1,30.790428,16.393763,0,0,53443.08,49379.836,8.0,8.0,0.0,0.0,0.0,0.0,0.0,10.0,22.657131,46.079998,38.295547,36.19,8.5849905,115.48
107,2024-05-30 22:00:00+00:00,61.0,28.25,13.05,25.8891,8.675356,0,0,53514.86,49404.914,7.95,7.95,1.7,1.7,0.0,0.0,1.0,16.0,23.469128,47.519997,52.501072,37.68,8.480978,126.19
108,2024-05-31 22:00:00+00:00,3.0,25.8,11.95,22.592648,7.463916,0,0,53583.04,46800.0,7.9,7.9,0.0,0.0,0.0,0.0,0.0,0.0,20.592503,41.039997,56.22944,39.33,8.574825,128.36
109,2024-06-01 22:00:00+00:00,3.0,26.5,12.05,23.845398,7.987694,0,0,53648.18,46800.0,7.9,7.9,0.0,0.0,0.0,0.0,0.0,0.0,20.929594,40.32,57.545944,39.38,8.023794,129.99
110,2024-06-02 22:00:00+00:00,55,27.5,14.4,25.0,11.4,0,0,53706.60,39704.19,7.95,7.95,1.10,1.10,0.00,0.00,1.0,52,28.7,56.9,47,25.42,6.02,135.69
111,2024-06-03 22:00:00+00:00,3,30.0,15.1,28.1,14.6,0,0,53765.77,49497.30,7.95,7.95,0.00,0.00,0.00,0.00,0.0,13,18.5,37.4,259,28.68,6.18,97.07
112,2024-06-04 22:00:00+00:00,3,31.7,17.6,29.5,15.0,0,0,53821.88,48569.30,8.05,8.05,0.00,0.00,0.00,0.00,0.0,0,19.6,41.8,260,27.59,6.99,125.15
113,2024-06-05 22:00:00+00:00,53,34.0,17.8,30.9,16.5,0,0,53874.87,41766.57,7.45,8.05,0.90,0.90,0.00,0.00,1.0,65,37.7,85.0,184,27.78,6.83,120.36
114,2024-06-06 22:00:00+00:00,63,33.2,19.6,30.3,18.0,0,0,53924.68,41660.64,7.35,8.15,3.30,3.30,0.00,0.00,3.0,61,30.1,84.6,74,22.91,6.52,100.70
115,2024-06-07 22:00:00+00:00,61,23.2,15.5,21.3,16.6,0,0,53971.27,13851.16,7.50,8.00,6.00,6.00,0.00,0.00,6.0,71,21.8,33.8,212,12.41,2.66,44.05
116,2024-06-08 22:00:00+00:00,51,23.8,14.6,23.0,15.1,0,0,54014.56,34695.42,5.05,8.00,0.30,0.30,0.00,0.00,3.0,61,15.5,35.6,260,22.03,4.05,72.4
117,2024-06-09 22:00:00+00:00,63,18.3,12.7,19.7,11.7,0,0,54054.52,18758.84,7.45,7.95,18.50,18.50,0.00,0.00,15.0,100,17.3,30.6,41,12.61,2.14,77.56
118,2024-06-10 22:00:00+00:00,51,24.1,10.5,22.4,7.8,0,0,54091.07,45726.90,8.00,8.00,0.40,0.40,0.00,0.00,1.0,11,14.3,23.0,44,28.43,5.11,126.16
119,2024-06-11 22:00:00+00:00,53,23.0,12.6,21.3,9.5,0,0,54124.18,46800.00,7.90,7.90,1.20,1.20,0.00,0.00,3.0,35,17.6,43.6,43,26.85,5.39,112.12
120,2024-06-12 22:00:00+00:00,3,27.4,11.6,24.0,8.5,0,0,54153.79,49565.83,8.10,8.10,0.00,0.00,0.00,0.00,0.0,0,19.6,36.7,286,30.78,6.78,134.08
121,2024-06-13 22:00:00+00:00,0,29.3,13.4,24.0,11.6,0,0,54179.85,49564.73,8.10,8.10,0.00,0.00,0.00,0.00,0.0,0,29.1,46.1,236,31.09,7.69,135.85
122,2024-06-14 22:00:00+00:00,3,28.3,15.3,24.4,13.5,0,0,54202.31,49562.03,8.10,8.10,0.00,0.00,0.00,0.00,0.0,0,21.4,38.5,262,31.12,6.99,135.35
123,2024-06-15 22:00:00+00:00,3,29.2,13.4,25.8,10.9,0,0,54221.13,49557.77,8.15,8.15,0.00,0.00,0.00,0.00,0.0,0,21.6,38.9,244,31.03,7.13,134.62
124,2024-06-16 22:00:00+00:00,3,28.9,14.8,24.9,12.5,0,0,54236.25,49552.00,8.15,8.15,0.00,0.00,0.00,0.00,0.0,0,26.9,46.8,235,31.22,7.51,135.08
125,2024-06-17 22:00:00+00:00,51,25.9,14.3,23.1,15.1,0,0,54247.65,38541.84,7.05,8.10,0.50,0.50,0.00,0.00,2.0,32,31.4,54.4,235,21.75,4.80,70.24
126,2024-06-18 22:00:00+00:00,53,23.3,13.4,20.2,13.6,0,0,54255.27,43911.52,7.85,7.85,0.70,0.70,0.00,0.00,3.0,32,25.0,65.9,228,26.56,5.30,121.78
127,2024-06-19 22:00:00+00:00,61,19.5,12.2,17.6,11.1,0,0,54259.07,38423.86,7.50,7.75,4.10,4.10,0.00,0.00,4.0,90,20.4,49.0,249,20.54,3.78,70.67
128,2024-06-20 22:00:00+00:00,3,27.3,12.5,24.8,11.1,0,0,54259.01,49514.61,8.10,8.10,0.00,0.00,0.00,0.00,0.0,0,12.4,30.6,281,30.62,5.85,134.35
129,2024-06-21 22:00:00+00:00,3,28.6,14.5,25.0,13.3,0,0,54255.05,43144.25,7.75,8.10,0.00,0.00,0.00,0.00,0.0,0,20.3,41.8,333,25.46,6.21,121.28
130,2024-06-22 22:00:00+00:00,3,29.3,17.4,29.0,15.4,0,0,54247.23,40610.12,8.15,8.15,0.00,0.00,0.00,0.00,0.0,0,16.9,28.8,50,26.87,6.32,115.29
131,2024-06-23 22:00:00+00:00,1,31.9,17.1,31.4,15.6,0,0,54235.59,49456.72,8.20,8.20,0.00,0.00,0.00,0.00,0.0,0,18.7,36.4,42,30.43,6.65,130.30
132,2024-06-24 22:00:00+00:00,51,33.4,19.4,32.2,19.3,0,0,54220.19,40715.18,8.15,8.15,0.20,0.20,0.00,0.00,2.0,13,29.1,47.5,37,26.99,6.67,127.42
133,2024-06-25 22:00:00+00:00,81,29.9,19.6,28.4,20.2,0,0,54201.07,44288.48,6.25,8.15,6.20,6.20,0.00,0.00,4.0,61,18.7,41.0,102,24.48,5.41,82.61
134,2024-06-26 22:00:00+00:00,3,33.7,18.9,31.6,18.7,0,0,54178.29,43200.00,7.65,8.10,0.00,0.00,0.00,0.00,0.0,42,17.7,29.9,81,27.35,6.85,99.08
135,2024-06-27 22:00:00+00:00,51,28.5,18.7,27.4,16.9,0,0,54151.91,43304.33,6.80,7.80,0.10,0.10,0.00,0.00,1.0,100,30.0,45.7,208,27.75,6.21,93.23
136,2024-06-28 22:00:00+00:00,51,24.9,15.5,22.6,13.1,0,0,54121.97,38905.87,6.20,8.00,0.20,0.20,0.00,0.00,1.0,74,26.6,43.6,236,23.99,4.76,85.93
137,2024-06-29 22:00:00+00:00,3,25.5,16.3,23.8,15.9,0,0,54088.55,39864.16,6.40,8.00,0.00,0.00,0.00,0.00,0.0,3,18.4,27.0,243,21.37,4.41,96.80
138,2024-06-30 22:00:00+00:00,61,28.3,15.5,25.9,14.9,0,0,54051.70,48604.05,8.05,8.05,1.30,1.30,0.00,0.00,1.0,26,20.7,45.7,42,26.65,5.89,110.97
139,2024-07-01 22:00:00+00:00,3,30.5,14.8,29.1,13.2,0,0,54011.47,49112.27,8.05,8.05,0.00,0.00,0.00,0.00,0.0,0,19.2,35.3,46,28.80,6.53,129.91
140,2024-07-02 22:00:00+00:00,3,33.0,15.8,31.8,13.5,0,0,53967.95,49068.58,8.20,8.20,0.00,0.00,0.00,0.00,0.0,0,12.2,25.2,78,30.57,6.69,130.66
141,2024-07-03 22:00:00+00:00,0,35.2,18.6,33.6,16.8,0,0,53921.17,48939.60,8.20,8.20,0.00,0.00,0.00,0.00,0.0,0,11.5,22.3,49,30.38,7.06,127.78
142,2024-07-04 22:00:00+00:00,3,36.5,21.5,33.3,20.4,0,0,53871.21,48728.81,8.10,8.10,0.00,0.00,0.00,0.00,0.0,6,25.7,42.5,183,29.41,8.07,125.36
143,2024-07-05 22:00:00+00:00,51,32.2,22.0,28.5,20.4,0,0,53818.14,44841.39,8.15,8.15,0.10,0.10,0.00,0.00,1.0,10,30.3,51.5,275,26.21,7.13,130.54
144,2024-07-06 22:00:00+00:00,3,30.3,16.5,27.5,15.1,0,0,53762.01,48575.60,8.15,8.15,0.00,0.00,0.00,0.00,0.0,0,21.6,36.0,17,30.29,7.03,129.01
145,2024-07-07 22:00:00+00:00,3,31.8,16.3,27.9,14.7,0,0,53702.89,48626.71,8.10,8.15,0.00,0.00,0.00,0.00,0.0,0,20.3,35.6,235,30.36,7.36,129.66
146,2024-07-08 22:00:00+00:00,3,32.1,18.0,27.4,15.3,0,0,53640.85,48513.60,7.65,8.15,0.00,0.00,0.00,0.00,0.0,0,28.0,45.4,234,30.02,7.79,127.6
147,2024-07-09 22:00:00+00:00,0,33.4,19.2,32.2,17.3,0,0,53575.96,48243.86,8.15,8.15,0.00,0.00,0.00,0.00,0.0,0,18.4,34.6,227,29.66,7.36,126.84
148,2024-07-10 22:00:00+00:00,1,34.6,20.7,31.6,20.4,0,0,53508.19,48140.05,8.20,8.20,0.00,0.00,0.00,0.00,0.0,0,28.9,48.6,241,29.57,8.25,124.28
149,2024-07-11 22:00:00+00:00,0,32.6,19.4,29.8,17.4,0,0,53436.93,48273.05,8.15,8.15,0.00,0.00,0.00,0.00,0.0,0,15.9,37.1,216,30.28,7.20,126.76
150,2024-07-12 22:00:00+00:00,1,32.9,18.1,28.8,15.9,0,0,53362.13,48173.86,7.90,8.15,0.00,0.00,0.00,0.00,0.0,0,24.8,43.6,302,30.03,8.15,124.93
151,2024-07-13 22:00:00+00:00,3,31.9,19.2,26.6,15.4,0,0,53283.95,48079.01,8.15,8.15,0.00,0.00,0.00,0.00,0.0,0,28.6,46.4,230,30.01,8.88,129.15
152,2024-07-14 22:00:00+00:00,1,30.8,19.1,27.9,17.2,0,0,53202.49,47841.09,8.05,8.05,0.00,0.00,0.00,0.00,0.0,0,30.4,52.6,235,29.09,7.72,126.22
